sample_size,avg_wait_time,training_time
100,14.790723848916196,0.28232669830322266
500,15.738761980090949,0.6163661479949951
1000,12.014830294713851,0.5334060192108154
2500,12.95174768767125,0.9662289619445801
5000,13.072456671020788,0.8664145469665527
7500,13.820518914424941,0.9662916660308838
10000,15.407221415279404,1.6776559352874756
